73b8fa,::1,GET,http://localhost/3k/bolt/clearcache,1446429796,
1422f2,::1,GET,http://localhost/3k/store,1446487567,
397351,::1,HEAD,http://localhost/3k/theme/3kings/img/small2@2x.png,1446487568,
2cb53e,::1,HEAD,http://localhost/3k/files/2015-11/hero-980x653@2x.jpg,1446487568,
b4daf0,::1,HEAD,http://localhost/3k/files/2015-11/sony-xperia-z5@2x.jpg,1446487569,
8d9b18,::1,HEAD,http://localhost/3k/files/2015-11/oneplus-two-smartphone-1@2x.jpg,1446487569,
aacfbc,::1,HEAD,http://localhost/3k/files/2015-11/images@2x.jpg,1446487569,
79845b,::1,HEAD,http://localhost/3k/files/2015-11/galaxys6@2x.jpg,1446487569,
45f9bb,::1,HEAD,http://localhost/3k/theme/3kings/img/small2@2x.png,1446487569,
3a339a,::1,GET,http://localhost/3k/store,1446487699,
caa6e2,::1,GET,http://localhost/3k/store,1446487717,
66729f,::1,GET,http://localhost/3k/store,1446487740,
71b656,::1,GET,http://localhost/3k/store,1446487751,
98373e,::1,HEAD,http://localhost/3k/files/2015-11/sony-xperia-z5@2x.jpg,1446487752,
c14e5d,::1,HEAD,http://localhost/3k/files/2015-11/oneplus-two-smartphone-1@2x.jpg,1446487752,
b41f80,::1,HEAD,http://localhost/3k/files/2015-11/hero-980x653@2x.jpg,1446487753,
318a7b,::1,HEAD,http://localhost/3k/theme/3kings/img/small2@2x.png,1446487753,
dc9929,::1,HEAD,http://localhost/3k/files/2015-11/images@2x.jpg,1446487753,
783b5d,::1,HEAD,http://localhost/3k/files/2015-11/galaxys6@2x.jpg,1446487753,
b756f2,::1,HEAD,http://localhost/3k/theme/3kings/img/small2@2x.png,1446487753,
25521c,::1,GET,http://localhost/3k/store,1446488116,
a4e986,::1,HEAD,http://localhost/3k/files/2015-11/oneplus-two-smartphone-1@2x.jpg,1446488118,
4aadb7,::1,HEAD,http://localhost/3k/files/2015-11/images@2x.jpg,1446488118,
02fc5c,::1,HEAD,http://localhost/3k/files/2015-11/hero-980x653@2x.jpg,1446488118,
c68248,::1,HEAD,http://localhost/3k/files/2015-11/sony-xperia-z5@2x.jpg,1446488118,
85bef4,::1,HEAD,http://localhost/3k/theme/3kings/img/small2@2x.png,1446488118,
c5a021,::1,HEAD,http://localhost/3k/files/2015-11/galaxys6@2x.jpg,1446488119,
18a918,::1,HEAD,http://localhost/3k/theme/3kings/img/small2@2x.png,1446488119,
c47a63,::1,GET,http://localhost/3k/store,1446488156,
d344f1,::1,HEAD,http://localhost/3k/files/2015-11/galaxys6@2x.jpg,1446488157,
873804,::1,HEAD,http://localhost/3k/theme/3kings/img/small2@2x.png,1446488157,
da142f,::1,HEAD,http://localhost/3k/files/2015-11/sony-xperia-z5@2x.jpg,1446488157,
d655a3,::1,HEAD,http://localhost/3k/files/2015-11/hero-980x653@2x.jpg,1446488157,
cc0a45,::1,HEAD,http://localhost/3k/files/2015-11/oneplus-two-smartphone-1@2x.jpg,1446488157,
3876c8,::1,HEAD,http://localhost/3k/files/2015-11/images@2x.jpg,1446488157,
a56cbd,::1,HEAD,http://localhost/3k/theme/3kings/img/small2@2x.png,1446488158,
94d58f,::1,GET,http://localhost/3k/store,1446488200,
9643ba,::1,HEAD,http://localhost/3k/files/2015-11/galaxys6@2x.jpg,1446488201,
d41e68,::1,HEAD,http://localhost/3k/files/2015-11/images@2x.jpg,1446488202,
42cfbe,::1,HEAD,http://localhost/3k/files/2015-11/hero-980x653@2x.jpg,1446488202,
bb8621,::1,HEAD,http://localhost/3k/theme/3kings/img/small2@2x.png,1446488202,
440189,::1,HEAD,http://localhost/3k/files/2015-11/oneplus-two-smartphone-1@2x.jpg,1446488202,
521ee9,::1,HEAD,http://localhost/3k/files/2015-11/sony-xperia-z5@2x.jpg,1446488202,
433807,::1,HEAD,http://localhost/3k/theme/3kings/img/small2@2x.png,1446488202,
eedd69,::1,GET,http://localhost/3k/store,1446488228,
8ad48b,::1,HEAD,http://localhost/3k/files/2015-11/oneplus-two-smartphone-1@2x.jpg,1446488229,
a8781a,::1,HEAD,http://localhost/3k/files/2015-11/hero-980x653@2x.jpg,1446488229,
1fd770,::1,HEAD,http://localhost/3k/files/2015-11/sony-xperia-z5@2x.jpg,1446488229,
6e3979,::1,HEAD,http://localhost/3k/files/2015-11/images@2x.jpg,1446488230,
9dbddf,::1,HEAD,http://localhost/3k/theme/3kings/img/small2@2x.png,1446488230,
61a759,::1,HEAD,http://localhost/3k/files/2015-11/galaxys6@2x.jpg,1446488230,
0856cf,::1,HEAD,http://localhost/3k/theme/3kings/img/small2@2x.png,1446488230,
98d0ad,::1,GET,http://localhost/3k/store,1446488254,
810867,::1,HEAD,http://localhost/3k/files/2015-11/galaxys6@2x.jpg,1446488255,
931677,::1,HEAD,http://localhost/3k/files/2015-11/hero-980x653@2x.jpg,1446488255,
5ee5c2,::1,HEAD,http://localhost/3k/files/2015-11/sony-xperia-z5@2x.jpg,1446488255,
64a1a9,::1,HEAD,http://localhost/3k/files/2015-11/oneplus-two-smartphone-1@2x.jpg,1446488255,
327f0a,::1,HEAD,http://localhost/3k/files/2015-11/images@2x.jpg,1446488255,
d977b5,::1,HEAD,http://localhost/3k/theme/3kings/img/small2@2x.png,1446488256,
0b6a6b,::1,HEAD,http://localhost/3k/theme/3kings/img/small2@2x.png,1446488256,
1a79eb,::1,GET,http://localhost/3k/store,1446488318,
145e2c,::1,HEAD,http://localhost/3k/files/2015-11/hero-980x653@2x.jpg,1446488319,
98fd44,::1,HEAD,http://localhost/3k/files/2015-11/sony-xperia-z5@2x.jpg,1446488319,
bf2741,::1,HEAD,http://localhost/3k/files/2015-11/oneplus-two-smartphone-1@2x.jpg,1446488319,
c6d86c,::1,HEAD,http://localhost/3k/files/2015-11/images@2x.jpg,1446488319,
1a9cf7,::1,HEAD,http://localhost/3k/theme/3kings/img/small2@2x.png,1446488319,
6a502b,::1,HEAD,http://localhost/3k/files/2015-11/galaxys6@2x.jpg,1446488320,
af69e3,::1,HEAD,http://localhost/3k/theme/3kings/img/small2@2x.png,1446488320,
5063d2,::1,GET,http://localhost/3k/store,1446488382,
d9b513,::1,HEAD,http://localhost/3k/files/2015-11/images@2x.jpg,1446488383,
c2dff8,::1,HEAD,http://localhost/3k/files/2015-11/sony-xperia-z5@2x.jpg,1446488383,
cfa71d,::1,HEAD,http://localhost/3k/files/2015-11/oneplus-two-smartphone-1@2x.jpg,1446488383,
3b17f2,::1,HEAD,http://localhost/3k/files/2015-11/hero-980x653@2x.jpg,1446488383,
691943,::1,HEAD,http://localhost/3k/theme/3kings/img/small2@2x.png,1446488383,
ce4707,::1,HEAD,http://localhost/3k/files/2015-11/galaxys6@2x.jpg,1446488384,
34cdea,::1,HEAD,http://localhost/3k/theme/3kings/img/small2@2x.png,1446488384,
f543a2,::1,GET,http://localhost/3k/store,1446488418,
94b70b,::1,HEAD,http://localhost/3k/theme/3kings/img/small2@2x.png,1446488418,
3779e0,::1,HEAD,http://localhost/3k/files/2015-11/oneplus-two-smartphone-1@2x.jpg,1446488418,
48bbd8,::1,HEAD,http://localhost/3k/files/2015-11/hero-980x653@2x.jpg,1446488419,
efdd48,::1,HEAD,http://localhost/3k/files/2015-11/sony-xperia-z5@2x.jpg,1446488419,
564e57,::1,HEAD,http://localhost/3k/files/2015-11/images@2x.jpg,1446488419,
45f05b,::1,HEAD,http://localhost/3k/files/2015-11/galaxys6@2x.jpg,1446488419,
72a5b5,::1,HEAD,http://localhost/3k/theme/3kings/img/small2@2x.png,1446488419,
7d2a02,::1,GET,http://localhost/3k/store,1446488466,
a4b707,::1,HEAD,http://localhost/3k/files/2015-11/hero-980x653@2x.jpg,1446488467,
62432f,::1,HEAD,http://localhost/3k/theme/3kings/img/small2@2x.png,1446488467,
e82e46,::1,HEAD,http://localhost/3k/files/2015-11/oneplus-two-smartphone-1@2x.jpg,1446488467,
4fac97,::1,HEAD,http://localhost/3k/files/2015-11/sony-xperia-z5@2x.jpg,1446488467,
c5858f,::1,HEAD,http://localhost/3k/files/2015-11/images@2x.jpg,1446488467,
f5a02d,::1,HEAD,http://localhost/3k/files/2015-11/galaxys6@2x.jpg,1446488468,
9486b6,::1,HEAD,http://localhost/3k/theme/3kings/img/small2@2x.png,1446488468,
617717,::1,GET,http://localhost/3k/store,1446488503,
41db26,::1,HEAD,http://localhost/3k/files/2015-11/images@2x.jpg,1446488504,
4db7b4,::1,HEAD,http://localhost/3k/files/2015-11/oneplus-two-smartphone-1@2x.jpg,1446488504,
4aba41,::1,HEAD,http://localhost/3k/files/2015-11/hero-980x653@2x.jpg,1446488504,
c9c858,::1,HEAD,http://localhost/3k/theme/3kings/img/small2@2x.png,1446488505,
bfca33,::1,HEAD,http://localhost/3k/files/2015-11/sony-xperia-z5@2x.jpg,1446488505,
aee02a,::1,HEAD,http://localhost/3k/files/2015-11/galaxys6@2x.jpg,1446488505,
8e46a9,::1,HEAD,http://localhost/3k/theme/3kings/img/small2@2x.png,1446488505,
9e5bb8,::1,GET,http://localhost/3k/store,1446488871,
d51330,::1,HEAD,http://localhost/3k/files/2015-11/images@2x.jpg,1446488872,
3bb604,::1,HEAD,http://localhost/3k/theme/3kings/img/small2@2x.png,1446488872,
8b4e79,::1,HEAD,http://localhost/3k/files/2015-11/sony-xperia-z5@2x.jpg,1446488872,
ef444a,::1,HEAD,http://localhost/3k/files/2015-11/hero-980x653@2x.jpg,1446488873,
17783f,::1,HEAD,http://localhost/3k/files/2015-11/oneplus-two-smartphone-1@2x.jpg,1446488873,
aff5f8,::1,HEAD,http://localhost/3k/files/2015-11/galaxys6@2x.jpg,1446488873,
859910,::1,HEAD,http://localhost/3k/theme/3kings/img/small2@2x.png,1446488873,
6842d9,::1,GET,http://localhost/3k/store,1446488889,
d92b65,::1,HEAD,http://localhost/3k/files/2015-11/oneplus-two-smartphone-1@2x.jpg,1446488890,
ab2789,::1,HEAD,http://localhost/3k/theme/3kings/img/small2@2x.png,1446488890,
d2f116,::1,HEAD,http://localhost/3k/files/2015-11/hero-980x653@2x.jpg,1446488890,
80f0c0,::1,HEAD,http://localhost/3k/files/2015-11/images@2x.jpg,1446488891,
f66df9,::1,HEAD,http://localhost/3k/files/2015-11/sony-xperia-z5@2x.jpg,1446488891,
f08ccd,::1,HEAD,http://localhost/3k/files/2015-11/galaxys6@2x.jpg,1446488891,
a2e93b,::1,HEAD,http://localhost/3k/theme/3kings/img/small2@2x.png,1446488891,
cda51f,::1,GET,http://localhost/3k/store,1446493506,
789010,::1,HEAD,http://localhost/3k/files/2015-11/sony-xperia-z5@2x.jpg,1446493507,
757b69,::1,HEAD,http://localhost/3k/files/2015-11/oneplus-two-smartphone-1@2x.jpg,1446493507,
103714,::1,HEAD,http://localhost/3k/files/2015-11/images@2x.jpg,1446493507,
77d7c1,::1,HEAD,http://localhost/3k/files/2015-11/hero-980x653@2x.jpg,1446493507,
4e49e1,::1,HEAD,http://localhost/3k/theme/3kings/img/small2@2x.png,1446493507,
fd1f48,::1,HEAD,http://localhost/3k/files/2015-11/galaxys6@2x.jpg,1446493508,
bf7f84,::1,HEAD,http://localhost/3k/theme/3kings/img/small2@2x.png,1446493508,
fe6b85,::1,GET,http://localhost/3k/store,1446493650,
187004,::1,HEAD,http://localhost/3k/theme/3kings/img/small2@2x.png,1446493651,
b6e0ac,::1,HEAD,http://localhost/3k/files/2015-11/sony-xperia-z5@2x.jpg,1446493651,
99c420,::1,HEAD,http://localhost/3k/files/2015-11/images@2x.jpg,1446493651,
0f7f89,::1,HEAD,http://localhost/3k/files/2015-11/hero-980x653@2x.jpg,1446493651,
4a9115,::1,HEAD,http://localhost/3k/files/2015-11/oneplus-two-smartphone-1@2x.jpg,1446493651,
878f1c,::1,HEAD,http://localhost/3k/files/2015-11/galaxys6@2x.jpg,1446493652,
c58a03,::1,HEAD,http://localhost/3k/theme/3kings/img/small2@2x.png,1446493652,
1fcab4,::1,GET,http://localhost/3k/store,1446494510,
c56969,::1,HEAD,http://localhost/3k/files/2015-11/oneplus-two-smartphone-1@2x.jpg,1446494511,
ce10ad,::1,HEAD,http://localhost/3k/files/2015-11/hero-980x653@2x.jpg,1446494511,
943268,::1,HEAD,http://localhost/3k/files/2015-11/images@2x.jpg,1446494511,
41e16a,::1,HEAD,http://localhost/3k/files/2015-11/sony-xperia-z5@2x.jpg,1446494512,
b3bbed,::1,HEAD,http://localhost/3k/theme/3kings/img/small2@2x.png,1446494512,
a61bfa,::1,HEAD,http://localhost/3k/files/2015-11/galaxys6@2x.jpg,1446494512,
a180d4,::1,HEAD,http://localhost/3k/theme/3kings/img/small2@2x.png,1446494512,
ba46ba,::1,GET,http://localhost/3k/store,1446494557,
d83fb9,::1,HEAD,http://localhost/3k/theme/3kings/img/small2@2x.png,1446494558,
e5078a,::1,HEAD,http://localhost/3k/files/2015-11/images@2x.jpg,1446494558,
61c95d,::1,HEAD,http://localhost/3k/files/2015-11/oneplus-two-smartphone-1@2x.jpg,1446494558,
cb8b67,::1,HEAD,http://localhost/3k/files/2015-11/sony-xperia-z5@2x.jpg,1446494558,
2c8bc6,::1,HEAD,http://localhost/3k/files/2015-11/hero-980x653@2x.jpg,1446494559,
1aae64,::1,HEAD,http://localhost/3k/files/2015-11/galaxys6@2x.jpg,1446494559,
f7347d,::1,HEAD,http://localhost/3k/theme/3kings/img/small2@2x.png,1446494559,
d2e07b,::1,GET,http://localhost/3k/store,1446494581,
8553f3,::1,HEAD,http://localhost/3k/files/2015-11/hero-980x653@2x.jpg,1446494581,
077fd4,::1,HEAD,http://localhost/3k/files/2015-11/images@2x.jpg,1446494582,
09acd9,::1,HEAD,http://localhost/3k/theme/3kings/img/small2@2x.png,1446494582,
88062e,::1,HEAD,http://localhost/3k/files/2015-11/oneplus-two-smartphone-1@2x.jpg,1446494582,
0d9a90,::1,HEAD,http://localhost/3k/files/2015-11/sony-xperia-z5@2x.jpg,1446494582,
64f2ec,::1,HEAD,http://localhost/3k/files/2015-11/galaxys6@2x.jpg,1446494582,
ab484a,::1,HEAD,http://localhost/3k/theme/3kings/img/small2@2x.png,1446494582,
d7a75b,::1,GET,http://localhost/3k/store,1446494631,
179148,::1,HEAD,http://localhost/3k/files/2015-11/hero-980x653@2x.jpg,1446494632,
e89642,::1,HEAD,http://localhost/3k/files/2015-11/oneplus-two-smartphone-1@2x.jpg,1446494633,
a05b5a,::1,HEAD,http://localhost/3k/files/2015-11/sony-xperia-z5@2x.jpg,1446494633,
f63c52,::1,HEAD,http://localhost/3k/files/2015-11/images@2x.jpg,1446494633,
2b480c,::1,HEAD,http://localhost/3k/theme/3kings/img/small2@2x.png,1446494633,
d4a6c2,::1,HEAD,http://localhost/3k/files/2015-11/galaxys6@2x.jpg,1446494633,
6ad40c,::1,HEAD,http://localhost/3k/theme/3kings/img/small2@2x.png,1446494633,
c447e3,::1,GET,http://localhost/3k/store,1446494646,
cdf41e,::1,HEAD,http://localhost/3k/files/2015-11/sony-xperia-z5@2x.jpg,1446494647,
b617f1,::1,HEAD,http://localhost/3k/files/2015-11/images@2x.jpg,1446494647,
7e691d,::1,HEAD,http://localhost/3k/theme/3kings/img/small2@2x.png,1446494647,
baebee,::1,HEAD,http://localhost/3k/files/2015-11/oneplus-two-smartphone-1@2x.jpg,1446494648,
5231bc,::1,HEAD,http://localhost/3k/files/2015-11/hero-980x653@2x.jpg,1446494648,
23241e,::1,HEAD,http://localhost/3k/files/2015-11/galaxys6@2x.jpg,1446494648,
932f9d,::1,HEAD,http://localhost/3k/theme/3kings/img/small2@2x.png,1446494648,
80e961,::1,GET,http://localhost/3k/store,1446494711,
3cac65,::1,HEAD,http://localhost/3k/theme/3kings/img/small2@2x.png,1446494712,
f80eeb,::1,HEAD,http://localhost/3k/files/2015-11/sony-xperia-z5@2x.jpg,1446494712,
f3a6c9,::1,HEAD,http://localhost/3k/files/2015-11/hero-980x653@2x.jpg,1446494712,
c2b507,::1,HEAD,http://localhost/3k/files/2015-11/oneplus-two-smartphone-1@2x.jpg,1446494712,
204b7d,::1,HEAD,http://localhost/3k/files/2015-11/images@2x.jpg,1446494712,
a688e0,::1,HEAD,http://localhost/3k/files/2015-11/galaxys6@2x.jpg,1446494712,
ee66ed,::1,HEAD,http://localhost/3k/theme/3kings/img/small2@2x.png,1446494713,
b77e37,::1,GET,http://localhost/3k/store,1446494723,
72074f,::1,HEAD,http://localhost/3k/theme/3kings/img/small2@2x.png,1446494724,
869d56,::1,HEAD,http://localhost/3k/files/2015-11/hero-980x653@2x.jpg,1446494724,
1e7567,::1,HEAD,http://localhost/3k/files/2015-11/sony-xperia-z5@2x.jpg,1446494724,
d8b49b,::1,HEAD,http://localhost/3k/files/2015-11/images@2x.jpg,1446494724,
e2f5bf,::1,HEAD,http://localhost/3k/files/2015-11/oneplus-two-smartphone-1@2x.jpg,1446494724,
b1d0da,::1,HEAD,http://localhost/3k/files/2015-11/galaxys6@2x.jpg,1446494724,
9fd6da,::1,HEAD,http://localhost/3k/theme/3kings/img/small2@2x.png,1446494725,
1b8a74,::1,GET,http://localhost/3k/store,1446494767,
f99ce2,::1,HEAD,http://localhost/3k/theme/3kings/img/small2@2x.png,1446494768,
c0579e,::1,HEAD,http://localhost/3k/files/2015-11/oneplus-two-smartphone-1@2x.jpg,1446494768,
fc85f4,::1,HEAD,http://localhost/3k/files/2015-11/images@2x.jpg,1446494768,
ec1a46,::1,HEAD,http://localhost/3k/files/2015-11/hero-980x653@2x.jpg,1446494768,
9ae6b8,::1,HEAD,http://localhost/3k/files/2015-11/sony-xperia-z5@2x.jpg,1446494768,
7d8e08,::1,HEAD,http://localhost/3k/files/2015-11/galaxys6@2x.jpg,1446494768,
19f8c3,::1,HEAD,http://localhost/3k/theme/3kings/img/small2@2x.png,1446494769,
6706a8,::1,GET,http://localhost/3k/store,1446494930,
4edb8f,::1,HEAD,http://localhost/3k/files/2015-11/images@2x.jpg,1446494932,
5b033b,::1,HEAD,http://localhost/3k/theme/3kings/img/small2@2x.png,1446494932,
283973,::1,HEAD,http://localhost/3k/files/2015-11/hero-980x653@2x.jpg,1446494932,
cb17fa,::1,HEAD,http://localhost/3k/files/2015-11/oneplus-two-smartphone-1@2x.jpg,1446494932,
82b313,::1,HEAD,http://localhost/3k/files/2015-11/sony-xperia-z5@2x.jpg,1446494932,
666f0c,::1,HEAD,http://localhost/3k/files/2015-11/galaxys6@2x.jpg,1446494933,
4b186e,::1,HEAD,http://localhost/3k/theme/3kings/img/small2@2x.png,1446494933,
4b63bb,::1,GET,http://localhost/3k/store,1446494959,
c753f2,::1,HEAD,http://localhost/3k/theme/3kings/img/small2@2x.png,1446494960,
77d54d,::1,HEAD,http://localhost/3k/files/2015-11/sony-xperia-z5@2x.jpg,1446494960,
05d625,::1,HEAD,http://localhost/3k/files/2015-11/hero-980x653@2x.jpg,1446494960,
6ffa55,::1,HEAD,http://localhost/3k/files/2015-11/images@2x.jpg,1446494961,
32dbdd,::1,HEAD,http://localhost/3k/files/2015-11/oneplus-two-smartphone-1@2x.jpg,1446494961,
54ee6c,::1,HEAD,http://localhost/3k/files/2015-11/galaxys6@2x.jpg,1446494961,
c334fb,::1,HEAD,http://localhost/3k/theme/3kings/img/small2@2x.png,1446494961,
a8f954,::1,GET,http://localhost/3k/store,1446494971,
572efd,::1,HEAD,http://localhost/3k/files/2015-11/hero-980x653@2x.jpg,1446494972,
aeab7b,::1,HEAD,http://localhost/3k/files/2015-11/images@2x.jpg,1446494972,
264564,::1,HEAD,http://localhost/3k/theme/3kings/img/small2@2x.png,1446494972,
cf5ef7,::1,HEAD,http://localhost/3k/files/2015-11/oneplus-two-smartphone-1@2x.jpg,1446494973,
72eb74,::1,HEAD,http://localhost/3k/files/2015-11/sony-xperia-z5@2x.jpg,1446494973,
88bc58,::1,HEAD,http://localhost/3k/files/2015-11/galaxys6@2x.jpg,1446494973,
f8d3b8,::1,HEAD,http://localhost/3k/theme/3kings/img/small2@2x.png,1446494973,
db4033,::1,GET,http://localhost/3k/store,1446494980,
53eda8,::1,HEAD,http://localhost/3k/files/2015-11/hero-980x653@2x.jpg,1446494981,
31bb05,::1,HEAD,http://localhost/3k/files/2015-11/sony-xperia-z5@2x.jpg,1446494981,
945cc6,::1,HEAD,http://localhost/3k/theme/3kings/img/small2@2x.png,1446494982,
4a6919,::1,HEAD,http://localhost/3k/files/2015-11/images@2x.jpg,1446494982,
30de63,::1,HEAD,http://localhost/3k/files/2015-11/oneplus-two-smartphone-1@2x.jpg,1446494982,
cafa9d,::1,HEAD,http://localhost/3k/files/2015-11/galaxys6@2x.jpg,1446494982,
250aa1,::1,HEAD,http://localhost/3k/theme/3kings/img/small2@2x.png,1446494982,
31eb04,::1,GET,http://localhost/3k/store,1446494998,
3d4152,::1,HEAD,http://localhost/3k/theme/3kings/img/small2@2x.png,1446494999,
38ce68,::1,HEAD,http://localhost/3k/files/2015-11/images@2x.jpg,1446494999,
91f2de,::1,HEAD,http://localhost/3k/files/2015-11/oneplus-two-smartphone-1@2x.jpg,1446494999,
13d933,::1,HEAD,http://localhost/3k/files/2015-11/sony-xperia-z5@2x.jpg,1446494999,
947d2f,::1,HEAD,http://localhost/3k/files/2015-11/hero-980x653@2x.jpg,1446494999,
58be09,::1,HEAD,http://localhost/3k/files/2015-11/galaxys6@2x.jpg,1446494999,
712439,::1,HEAD,http://localhost/3k/theme/3kings/img/small2@2x.png,1446495000,
ac7f5c,::1,GET,http://localhost/3k/store,1446495039,
e6ebb0,::1,HEAD,http://localhost/3k/theme/3kings/img/small2@2x.png,1446495041,
5f7c2d,::1,HEAD,http://localhost/3k/files/2015-11/images@2x.jpg,1446495041,
26c33c,::1,HEAD,http://localhost/3k/files/2015-11/sony-xperia-z5@2x.jpg,1446495041,
46581d,::1,HEAD,http://localhost/3k/files/2015-11/hero-980x653@2x.jpg,1446495041,
5e4ca6,::1,HEAD,http://localhost/3k/files/2015-11/oneplus-two-smartphone-1@2x.jpg,1446495041,
8cac42,::1,HEAD,http://localhost/3k/files/2015-11/galaxys6@2x.jpg,1446495042,
e59ab1,::1,HEAD,http://localhost/3k/theme/3kings/img/small2@2x.png,1446495042,
e98eeb,::1,GET,http://localhost/3k/store,1446495070,
8ac448,::1,HEAD,http://localhost/3k/theme/3kings/img/small2@2x.png,1446495071,
1efde1,::1,HEAD,http://localhost/3k/files/2015-11/hero-980x653@2x.jpg,1446495071,
85a988,::1,HEAD,http://localhost/3k/files/2015-11/sony-xperia-z5@2x.jpg,1446495071,
6167bb,::1,HEAD,http://localhost/3k/files/2015-11/images@2x.jpg,1446495072,
394ce5,::1,HEAD,http://localhost/3k/files/2015-11/oneplus-two-smartphone-1@2x.jpg,1446495072,
38d37b,::1,HEAD,http://localhost/3k/files/2015-11/galaxys6@2x.jpg,1446495072,
a7d8bb,::1,HEAD,http://localhost/3k/theme/3kings/img/small2@2x.png,1446495072,
f673b8,::1,GET,http://localhost/3k/store,1446495141,
21499d,::1,HEAD,http://localhost/3k/theme/3kings/img/small2@2x.png,1446495142,
e65cfb,::1,HEAD,http://localhost/3k/files/2015-11/hero-980x653@2x.jpg,1446495142,
570af5,::1,HEAD,http://localhost/3k/files/2015-11/oneplus-two-smartphone-1@2x.jpg,1446495142,
6c95e4,::1,HEAD,http://localhost/3k/files/2015-11/sony-xperia-z5@2x.jpg,1446495143,
74ca07,::1,HEAD,http://localhost/3k/files/2015-11/images@2x.jpg,1446495143,
1e54af,::1,HEAD,http://localhost/3k/files/2015-11/galaxys6@2x.jpg,1446495143,
7fe85b,::1,HEAD,http://localhost/3k/theme/3kings/img/small2@2x.png,1446495143,
2d1c28,::1,GET,http://localhost/3k/store,1446495154,
379989,::1,HEAD,http://localhost/3k/files/2015-11/sony-xperia-z5@2x.jpg,1446495155,
ed3eab,::1,HEAD,http://localhost/3k/files/2015-11/oneplus-two-smartphone-1@2x.jpg,1446495155,
5ae143,::1,HEAD,http://localhost/3k/files/2015-11/hero-980x653@2x.jpg,1446495156,
288964,::1,HEAD,http://localhost/3k/theme/3kings/img/small2@2x.png,1446495156,
70c691,::1,HEAD,http://localhost/3k/files/2015-11/images@2x.jpg,1446495156,
15902f,::1,HEAD,http://localhost/3k/files/2015-11/galaxys6@2x.jpg,1446495156,
89b7a0,::1,HEAD,http://localhost/3k/theme/3kings/img/small2@2x.png,1446495156,
bb81ee,::1,GET,http://localhost/3k/store,1446495161,
38c4eb,::1,HEAD,http://localhost/3k/theme/3kings/img/small2@2x.png,1446495162,
5e079a,::1,HEAD,http://localhost/3k/files/2015-11/images@2x.jpg,1446495162,
ca358e,::1,HEAD,http://localhost/3k/files/2015-11/hero-980x653@2x.jpg,1446495162,
7bc5e6,::1,HEAD,http://localhost/3k/files/2015-11/sony-xperia-z5@2x.jpg,1446495163,
669d0b,::1,HEAD,http://localhost/3k/files/2015-11/oneplus-two-smartphone-1@2x.jpg,1446495163,
eea85f,::1,HEAD,http://localhost/3k/files/2015-11/galaxys6@2x.jpg,1446495163,
8aa216,::1,HEAD,http://localhost/3k/theme/3kings/img/small2@2x.png,1446495163,
f73a21,::1,GET,http://localhost/3k/store,1446495174,
bc9527,::1,HEAD,http://localhost/3k/files/2015-11/images@2x.jpg,1446495174,
018c6c,::1,HEAD,http://localhost/3k/files/2015-11/hero-980x653@2x.jpg,1446495175,
5fb171,::1,HEAD,http://localhost/3k/files/2015-11/sony-xperia-z5@2x.jpg,1446495175,
f8f07c,::1,HEAD,http://localhost/3k/files/2015-11/oneplus-two-smartphone-1@2x.jpg,1446495175,
ce726b,::1,HEAD,http://localhost/3k/theme/3kings/img/small2@2x.png,1446495175,
4b040f,::1,HEAD,http://localhost/3k/files/2015-11/galaxys6@2x.jpg,1446495175,
ed9d46,::1,HEAD,http://localhost/3k/theme/3kings/img/small2@2x.png,1446495176,
2e88b4,::1,GET,http://localhost/3k/store,1446495260,
f61dab,::1,HEAD,http://localhost/3k/files/2015-11/images@2x.jpg,1446495261,
5ce163,::1,HEAD,http://localhost/3k/files/2015-11/oneplus-two-smartphone-1@2x.jpg,1446495261,
38907b,::1,HEAD,http://localhost/3k/theme/3kings/img/small2@2x.png,1446495261,
1e2844,::1,HEAD,http://localhost/3k/files/2015-11/hero-980x653@2x.jpg,1446495261,
a92c9e,::1,HEAD,http://localhost/3k/files/2015-11/sony-xperia-z5@2x.jpg,1446495262,
15787d,::1,HEAD,http://localhost/3k/files/2015-11/galaxys6@2x.jpg,1446495262,
7412ff,::1,HEAD,http://localhost/3k/theme/3kings/img/small2@2x.png,1446495262,
cd4849,::1,GET,http://localhost/3k/store,1446495275,
3d78ad,::1,HEAD,http://localhost/3k/files/2015-11/images@2x.jpg,1446495276,
a3a42c,::1,HEAD,http://localhost/3k/files/2015-11/hero-980x653@2x.jpg,1446495276,
5b2ead,::1,HEAD,http://localhost/3k/theme/3kings/img/small2@2x.png,1446495276,
c05384,::1,HEAD,http://localhost/3k/files/2015-11/oneplus-two-smartphone-1@2x.jpg,1446495276,
bd7c6a,::1,HEAD,http://localhost/3k/files/2015-11/sony-xperia-z5@2x.jpg,1446495276,
cd3fc1,::1,HEAD,http://localhost/3k/files/2015-11/galaxys6@2x.jpg,1446495276,
7d889a,::1,HEAD,http://localhost/3k/theme/3kings/img/small2@2x.png,1446495277,
4e95dc,::1,GET,http://localhost/3k/store,1446495409,
441044,::1,HEAD,http://localhost/3k/theme/3kings/img/small2@2x.png,1446495410,
da4742,::1,HEAD,http://localhost/3k/files/2015-11/hero-980x653@2x.jpg,1446495410,
00b14d,::1,HEAD,http://localhost/3k/files/2015-11/images@2x.jpg,1446495410,
fb1c30,::1,HEAD,http://localhost/3k/files/2015-11/sony-xperia-z5@2x.jpg,1446495411,
9ed0ca,::1,HEAD,http://localhost/3k/files/2015-11/oneplus-two-smartphone-1@2x.jpg,1446495411,
093744,::1,HEAD,http://localhost/3k/files/2015-11/galaxys6@2x.jpg,1446495411,
ee76b9,::1,HEAD,http://localhost/3k/theme/3kings/img/small2@2x.png,1446495411,
8aaced,::1,GET,http://localhost/3k/store,1446495445,
a8f640,::1,HEAD,http://localhost/3k/files/2015-11/oneplus-two-smartphone-1@2x.jpg,1446495447,
9834a7,::1,HEAD,http://localhost/3k/files/2015-11/images@2x.jpg,1446495447,
2006c9,::1,HEAD,http://localhost/3k/theme/3kings/img/small2@2x.png,1446495447,
75d941,::1,HEAD,http://localhost/3k/files/2015-11/sony-xperia-z5@2x.jpg,1446495447,
8f3967,::1,HEAD,http://localhost/3k/files/2015-11/hero-980x653@2x.jpg,1446495447,
5159d2,::1,HEAD,http://localhost/3k/files/2015-11/galaxys6@2x.jpg,1446495448,
7d3925,::1,HEAD,http://localhost/3k/theme/3kings/img/small2@2x.png,1446495448,
915827,::1,GET,http://localhost/3k/store,1446495528,
d76162,::1,HEAD,http://localhost/3k/theme/3kings/img/small2@2x.png,1446495529,
da192d,::1,HEAD,http://localhost/3k/files/2015-11/images@2x.jpg,1446495529,
ab75e1,::1,HEAD,http://localhost/3k/files/2015-11/oneplus-two-smartphone-1@2x.jpg,1446495529,
d1c550,::1,HEAD,http://localhost/3k/files/2015-11/sony-xperia-z5@2x.jpg,1446495529,
1b535d,::1,HEAD,http://localhost/3k/files/2015-11/hero-980x653@2x.jpg,1446495530,
49d179,::1,HEAD,http://localhost/3k/files/2015-11/galaxys6@2x.jpg,1446495530,
5cd054,::1,HEAD,http://localhost/3k/theme/3kings/img/small2@2x.png,1446495530,
cf8f4f,::1,GET,http://localhost/3k/store,1446495544,
a98634,::1,HEAD,http://localhost/3k/files/2015-11/hero-980x653@2x.jpg,1446495545,
1c99ec,::1,HEAD,http://localhost/3k/files/2015-11/images@2x.jpg,1446495546,
8f087d,::1,HEAD,http://localhost/3k/theme/3kings/img/small2@2x.png,1446495546,
406820,::1,HEAD,http://localhost/3k/files/2015-11/oneplus-two-smartphone-1@2x.jpg,1446495546,
daad7f,::1,HEAD,http://localhost/3k/files/2015-11/sony-xperia-z5@2x.jpg,1446495546,
f8bcbe,::1,HEAD,http://localhost/3k/files/2015-11/galaxys6@2x.jpg,1446495546,
f3b9c3,::1,HEAD,http://localhost/3k/theme/3kings/img/small2@2x.png,1446495546,
813f5a,::1,GET,http://localhost/3k/store,1446495555,
63512b,::1,HEAD,http://localhost/3k/files/2015-11/images@2x.jpg,1446495556,
8e2a56,::1,HEAD,http://localhost/3k/files/2015-11/oneplus-two-smartphone-1@2x.jpg,1446495556,
d69868,::1,HEAD,http://localhost/3k/files/2015-11/hero-980x653@2x.jpg,1446495557,
cde5db,::1,HEAD,http://localhost/3k/theme/3kings/img/small2@2x.png,1446495557,
710955,::1,HEAD,http://localhost/3k/files/2015-11/sony-xperia-z5@2x.jpg,1446495557,
d20a89,::1,HEAD,http://localhost/3k/files/2015-11/galaxys6@2x.jpg,1446495557,
dbec12,::1,HEAD,http://localhost/3k/theme/3kings/img/small2@2x.png,1446495557,
40561a,::1,GET,http://localhost/3k/store,1446495605,
1163bd,::1,HEAD,http://localhost/3k/files/2015-11/hero-980x653@2x.jpg,1446495606,
0f5252,::1,HEAD,http://localhost/3k/files/2015-11/oneplus-two-smartphone-1@2x.jpg,1446495606,
7e0550,::1,HEAD,http://localhost/3k/files/2015-11/images@2x.jpg,1446495606,
52a64f,::1,HEAD,http://localhost/3k/theme/3kings/img/small2@2x.png,1446495606,
eb0ae9,::1,HEAD,http://localhost/3k/files/2015-11/sony-xperia-z5@2x.jpg,1446495606,
10313a,::1,HEAD,http://localhost/3k/files/2015-11/galaxys6@2x.jpg,1446495607,
b1701a,::1,HEAD,http://localhost/3k/theme/3kings/img/small2@2x.png,1446495607,
46480f,::1,GET,http://localhost/3k/store,1446495817,
bb8ae6,::1,HEAD,http://localhost/3k/files/2015-11/sony-xperia-z5@2x.jpg,1446495818,
c37e35,::1,HEAD,http://localhost/3k/files/2015-11/images@2x.jpg,1446495818,
fff773,::1,HEAD,http://localhost/3k/files/2015-11/oneplus-two-smartphone-1@2x.jpg,1446495818,
cce597,::1,HEAD,http://localhost/3k/files/2015-11/hero-980x653@2x.jpg,1446495819,
3bc797,::1,HEAD,http://localhost/3k/theme/3kings/img/small2@2x.png,1446495819,
a17bd0,::1,HEAD,http://localhost/3k/files/2015-11/galaxys6@2x.jpg,1446495819,
d863f9,::1,HEAD,http://localhost/3k/theme/3kings/img/small2@2x.png,1446495819,
8c7b8a,::1,GET,http://localhost/3k/store,1446495837,
2fe2fc,::1,HEAD,http://localhost/3k/files/2015-11/hero-980x653@2x.jpg,1446495838,
011470,::1,HEAD,http://localhost/3k/files/2015-11/images@2x.jpg,1446495838,
6a5b73,::1,HEAD,http://localhost/3k/theme/3kings/img/small2@2x.png,1446495839,
b02548,::1,HEAD,http://localhost/3k/files/2015-11/sony-xperia-z5@2x.jpg,1446495839,
7c58f2,::1,HEAD,http://localhost/3k/files/2015-11/oneplus-two-smartphone-1@2x.jpg,1446495839,
00cd1f,::1,HEAD,http://localhost/3k/files/2015-11/galaxys6@2x.jpg,1446495839,
fed288,::1,HEAD,http://localhost/3k/theme/3kings/img/small2@2x.png,1446495839,
75a765,::1,GET,http://localhost/3k/store,1446496165,
d7f535,::1,HEAD,http://localhost/3k/files/2015-11/hero-980x653@2x.jpg,1446496166,
d5c635,::1,HEAD,http://localhost/3k/files/2015-11/oneplus-two-smartphone-1@2x.jpg,1446496167,
ed35ed,::1,HEAD,http://localhost/3k/files/2015-11/images@2x.jpg,1446496167,
372a24,::1,HEAD,http://localhost/3k/files/2015-11/sony-xperia-z5@2x.jpg,1446496167,
ef56ef,::1,HEAD,http://localhost/3k/theme/3kings/img/small2@2x.png,1446496167,
59b5ab,::1,HEAD,http://localhost/3k/files/2015-11/galaxys6@2x.jpg,1446496167,
92bde6,::1,HEAD,http://localhost/3k/theme/3kings/img/small2@2x.png,1446496167,
9afc62,::1,GET,http://localhost/3k/store,1446496241,
a92661,::1,HEAD,http://localhost/3k/theme/3kings/img/small2@2x.png,1446496245,
42f3ba,::1,HEAD,http://localhost/3k/files/2015-11/oneplus-two-smartphone-1@2x.jpg,1446496245,
f40592,::1,HEAD,http://localhost/3k/files/2015-11/sony-xperia-z5@2x.jpg,1446496245,
4038ca,::1,HEAD,http://localhost/3k/files/2015-11/hero-980x653@2x.jpg,1446496245,
d47975,::1,HEAD,http://localhost/3k/files/2015-11/images@2x.jpg,1446496245,
32d3b4,::1,HEAD,http://localhost/3k/files/2015-11/galaxys6@2x.jpg,1446496246,
5ff3d0,::1,HEAD,http://localhost/3k/theme/3kings/img/small2@2x.png,1446496246,
c076f2,::1,GET,http://localhost/3k/store,1446510158,
06cbcb,::1,HEAD,http://localhost/3k/files/2015-11/oneplus-two-smartphone-1@2x.jpg,1446510159,
42f1c8,::1,HEAD,http://localhost/3k/files/2015-11/hero-980x653@2x.jpg,1446510159,
b5e694,::1,HEAD,http://localhost/3k/files/2015-11/sony-xperia-z5@2x.jpg,1446510159,
3074d7,::1,HEAD,http://localhost/3k/theme/3kings/img/small2@2x.png,1446510159,
17cccb,::1,HEAD,http://localhost/3k/files/2015-11/images@2x.jpg,1446510159,
f4243b,::1,HEAD,http://localhost/3k/files/2015-11/galaxys6@2x.jpg,1446510160,
8abff8,::1,HEAD,http://localhost/3k/theme/3kings/img/small2@2x.png,1446510160,
50506a,::1,GET,http://localhost/3k/store,1446510199,
c48344,::1,HEAD,http://localhost/3k/files/2015-11/images@2x.jpg,1446510200,
3dc920,::1,HEAD,http://localhost/3k/files/2015-11/hero-980x653@2x.jpg,1446510200,
66b974,::1,HEAD,http://localhost/3k/files/2015-11/sony-xperia-z5@2x.jpg,1446510200,
220c2a,::1,HEAD,http://localhost/3k/theme/3kings/img/small2@2x.png,1446510200,
16bb22,::1,HEAD,http://localhost/3k/files/2015-11/oneplus-two-smartphone-1@2x.jpg,1446510200,
f6da86,::1,HEAD,http://localhost/3k/files/2015-11/galaxys6@2x.jpg,1446510200,
e77124,::1,HEAD,http://localhost/3k/theme/3kings/img/small2@2x.png,1446510201,
8c2306,::1,GET,http://localhost/3k/store,1446510218,
068e1d,::1,HEAD,http://localhost/3k/files/2015-11/sony-xperia-z5@2x.jpg,1446510219,
92d089,::1,HEAD,http://localhost/3k/files/2015-11/images@2x.jpg,1446510219,
ae4cd2,::1,HEAD,http://localhost/3k/files/2015-11/hero-980x653@2x.jpg,1446510220,
f16ad8,::1,HEAD,http://localhost/3k/theme/3kings/img/small2@2x.png,1446510220,
e29bcc,::1,HEAD,http://localhost/3k/files/2015-11/oneplus-two-smartphone-1@2x.jpg,1446510220,
01e584,::1,HEAD,http://localhost/3k/files/2015-11/galaxys6@2x.jpg,1446510220,
7c6165,::1,HEAD,http://localhost/3k/theme/3kings/img/small2@2x.png,1446510220,
be0e0d,::1,GET,http://localhost/3k/store,1446510245,
b04856,::1,HEAD,http://localhost/3k/theme/3kings/img/small2@2x.png,1446510245,
e63e14,::1,HEAD,http://localhost/3k/files/2015-11/sony-xperia-z5@2x.jpg,1446510246,
063701,::1,HEAD,http://localhost/3k/files/2015-11/hero-980x653@2x.jpg,1446510246,
f8fabb,::1,HEAD,http://localhost/3k/files/2015-11/images@2x.jpg,1446510246,
a1b614,::1,HEAD,http://localhost/3k/files/2015-11/oneplus-two-smartphone-1@2x.jpg,1446510246,
6d5e02,::1,HEAD,http://localhost/3k/files/2015-11/galaxys6@2x.jpg,1446510246,
fa54e6,::1,HEAD,http://localhost/3k/theme/3kings/img/small2@2x.png,1446510246,
5145f7,::1,GET,http://localhost/3k/store,1446510593,
1cb16d,::1,HEAD,http://localhost/3k/files/2015-11/hero-980x653@2x.jpg,1446510594,
6281d7,::1,HEAD,http://localhost/3k/files/2015-11/sony-xperia-z5@2x.jpg,1446510594,
1649ee,::1,HEAD,http://localhost/3k/files/2015-11/images@2x.jpg,1446510595,
6735c1,::1,HEAD,http://localhost/3k/files/2015-11/oneplus-two-smartphone-1@2x.jpg,1446510595,
0bc211,::1,HEAD,http://localhost/3k/theme/3kings/img/small2@2x.png,1446510595,
7bab42,::1,HEAD,http://localhost/3k/files/2015-11/galaxys6@2x.jpg,1446510595,
2aa3a8,::1,HEAD,http://localhost/3k/theme/3kings/img/small2@2x.png,1446510595,
b899d5,::1,GET,http://localhost/3k/store,1446511377,
d9e330,::1,HEAD,http://localhost/3k/files/2015-11/images@2x.jpg,1446511378,
9a12d7,::1,HEAD,http://localhost/3k/files/2015-11/sony-xperia-z5@2x.jpg,1446511378,
37a22d,::1,HEAD,http://localhost/3k/theme/3kings/img/small2@2x.png,1446511379,
6e4e0d,::1,HEAD,http://localhost/3k/files/2015-11/oneplus-two-smartphone-1@2x.jpg,1446511379,
aadf8f,::1,HEAD,http://localhost/3k/files/2015-11/hero-980x653@2x.jpg,1446511379,
2bc45c,::1,HEAD,http://localhost/3k/files/2015-11/galaxys6@2x.jpg,1446511379,
e1cb20,::1,HEAD,http://localhost/3k/theme/3kings/img/small2@2x.png,1446511379,
1873f2,::1,GET,http://localhost/3k/store,1446511416,
04a319,::1,HEAD,http://localhost/3k/files/2015-11/hero-980x653@2x.jpg,1446511417,
dae5f7,::1,HEAD,http://localhost/3k/files/2015-11/images@2x.jpg,1446511417,
052374,::1,HEAD,http://localhost/3k/files/2015-11/oneplus-two-smartphone-1@2x.jpg,1446511417,
a50c3b,::1,HEAD,http://localhost/3k/files/2015-11/sony-xperia-z5@2x.jpg,1446511417,
714e14,::1,HEAD,http://localhost/3k/theme/3kings/img/small2@2x.png,1446511417,
efd0d1,::1,HEAD,http://localhost/3k/files/2015-11/galaxys6@2x.jpg,1446511417,
2b6da0,::1,HEAD,http://localhost/3k/theme/3kings/img/small2@2x.png,1446511418,
f50a1b,::1,GET,http://localhost/3k/store,1446511499,
61b509,::1,HEAD,http://localhost/3k/files/2015-11/images@2x.jpg,1446511500,
a3dbf5,::1,HEAD,http://localhost/3k/files/2015-11/hero-980x653@2x.jpg,1446511500,
249625,::1,HEAD,http://localhost/3k/files/2015-11/oneplus-two-smartphone-1@2x.jpg,1446511500,
c3be7f,::1,HEAD,http://localhost/3k/files/2015-11/sony-xperia-z5@2x.jpg,1446511500,
03fd84,::1,HEAD,http://localhost/3k/theme/3kings/img/small2@2x.png,1446511500,
73733a,::1,HEAD,http://localhost/3k/files/2015-11/galaxys6@2x.jpg,1446511500,
76d4d8,::1,HEAD,http://localhost/3k/theme/3kings/img/small2@2x.png,1446511501,
924e1a,::1,GET,http://localhost/3k/store,1446511561,
7deee0,::1,HEAD,http://localhost/3k/theme/3kings/img/small2@2x.png,1446511562,
8d2cf0,::1,HEAD,http://localhost/3k/files/2015-11/hero-980x653@2x.jpg,1446511562,
3ce195,::1,HEAD,http://localhost/3k/files/2015-11/sony-xperia-z5@2x.jpg,1446511562,
014361,::1,HEAD,http://localhost/3k/files/2015-11/oneplus-two-smartphone-1@2x.jpg,1446511562,
46ffc3,::1,HEAD,http://localhost/3k/files/2015-11/images@2x.jpg,1446511563,
ee0b51,::1,HEAD,http://localhost/3k/files/2015-11/galaxys6@2x.jpg,1446511563,
494d58,::1,HEAD,http://localhost/3k/theme/3kings/img/small2@2x.png,1446511563,
8a1ef6,::1,GET,http://localhost/3k/store,1446511597,
35869a,::1,HEAD,http://localhost/3k/files/2015-11/hero-980x653@2x.jpg,1446511598,
94ae4d,::1,HEAD,http://localhost/3k/theme/3kings/img/small2@2x.png,1446511598,
de36ff,::1,HEAD,http://localhost/3k/files/2015-11/images@2x.jpg,1446511599,
ff9c06,::1,HEAD,http://localhost/3k/files/2015-11/sony-xperia-z5@2x.jpg,1446511599,
4a86b4,::1,HEAD,http://localhost/3k/files/2015-11/oneplus-two-smartphone-1@2x.jpg,1446511599,
5adbc0,::1,HEAD,http://localhost/3k/files/2015-11/galaxys6@2x.jpg,1446511599,
d6e078,::1,HEAD,http://localhost/3k/theme/3kings/img/small2@2x.png,1446511599,
59ad9e,::1,GET,http://localhost/3k/store,1446511680,
09faf0,::1,HEAD,http://localhost/3k/files/2015-11/hero-980x653@2x.jpg,1446511681,
a3cb6c,::1,HEAD,http://localhost/3k/theme/3kings/img/small2@2x.png,1446511681,
37ccf8,::1,HEAD,http://localhost/3k/files/2015-11/images@2x.jpg,1446511681,
94b07e,::1,HEAD,http://localhost/3k/files/2015-11/oneplus-two-smartphone-1@2x.jpg,1446511681,
62c540,::1,HEAD,http://localhost/3k/files/2015-11/sony-xperia-z5@2x.jpg,1446511681,
5598ca,::1,HEAD,http://localhost/3k/files/2015-11/galaxys6@2x.jpg,1446511681,
a11450,::1,HEAD,http://localhost/3k/theme/3kings/img/small2@2x.png,1446511682,
03856f,::1,GET,http://localhost/3k/store,1446511717,
119288,::1,HEAD,http://localhost/3k/files/2015-11/images@2x.jpg,1446511718,
e80f1b,::1,HEAD,http://localhost/3k/files/2015-11/oneplus-two-smartphone-1@2x.jpg,1446511718,
f1608d,::1,HEAD,http://localhost/3k/files/2015-11/sony-xperia-z5@2x.jpg,1446511718,
f4c9c8,::1,HEAD,http://localhost/3k/files/2015-11/hero-980x653@2x.jpg,1446511718,
2db782,::1,HEAD,http://localhost/3k/theme/3kings/img/small2@2x.png,1446511718,
486c7f,::1,HEAD,http://localhost/3k/files/2015-11/galaxys6@2x.jpg,1446511718,
ff2c03,::1,HEAD,http://localhost/3k/theme/3kings/img/small2@2x.png,1446511718,
97941b,::1,GET,http://localhost/3k/store,1446511738,
43dd87,::1,HEAD,http://localhost/3k/files/2015-11/oneplus-two-smartphone-1@2x.jpg,1446511739,
2341a2,::1,HEAD,http://localhost/3k/files/2015-11/sony-xperia-z5@2x.jpg,1446511740,
1e3f18,::1,HEAD,http://localhost/3k/files/2015-11/hero-980x653@2x.jpg,1446511740,
6ea6ac,::1,HEAD,http://localhost/3k/files/2015-11/images@2x.jpg,1446511740,
ff9145,::1,HEAD,http://localhost/3k/theme/3kings/img/small2@2x.png,1446511740,
6a59a6,::1,HEAD,http://localhost/3k/files/2015-11/galaxys6@2x.jpg,1446511740,
937d72,::1,HEAD,http://localhost/3k/theme/3kings/img/small2@2x.png,1446511740,
457833,::1,GET,http://localhost/3k/store,1446511837,
2c64eb,::1,HEAD,http://localhost/3k/files/2015-11/sony-xperia-z5@2x.jpg,1446511839,
a92344,::1,HEAD,http://localhost/3k/files/2015-11/images@2x.jpg,1446511839,
dc716f,::1,HEAD,http://localhost/3k/files/2015-11/hero-980x653@2x.jpg,1446511840,
5f3fcc,::1,HEAD,http://localhost/3k/theme/3kings/img/small2@2x.png,1446511840,
1e6359,::1,HEAD,http://localhost/3k/files/2015-11/oneplus-two-smartphone-1@2x.jpg,1446511840,
7be1cb,::1,HEAD,http://localhost/3k/files/2015-11/galaxys6@2x.jpg,1446511840,
bc5d0e,::1,HEAD,http://localhost/3k/theme/3kings/img/small2@2x.png,1446511840,
18d8b8,::1,GET,http://localhost/3k/store,1446511875,
02e10f,::1,HEAD,http://localhost/3k/files/2015-11/oneplus-two-smartphone-1@2x.jpg,1446511876,
9b5502,::1,HEAD,http://localhost/3k/theme/3kings/img/small2@2x.png,1446511876,
4982fe,::1,HEAD,http://localhost/3k/files/2015-11/images@2x.jpg,1446511876,
16c3e0,::1,HEAD,http://localhost/3k/files/2015-11/sony-xperia-z5@2x.jpg,1446511876,
6a9a79,::1,HEAD,http://localhost/3k/files/2015-11/hero-980x653@2x.jpg,1446511876,
b719a9,::1,HEAD,http://localhost/3k/files/2015-11/galaxys6@2x.jpg,1446511876,
010d54,::1,HEAD,http://localhost/3k/theme/3kings/img/small2@2x.png,1446511877,
382ea7,::1,GET,http://localhost/3k/store,1446511916,
7efb66,::1,HEAD,http://localhost/3k/files/2015-11/oneplus-two-smartphone-1@2x.jpg,1446511916,
4d251d,::1,HEAD,http://localhost/3k/files/2015-11/hero-980x653@2x.jpg,1446511917,
c77d70,::1,HEAD,http://localhost/3k/theme/3kings/img/small2@2x.png,1446511917,
7be3ef,::1,HEAD,http://localhost/3k/files/2015-11/images@2x.jpg,1446511917,
b1c8cb,::1,HEAD,http://localhost/3k/files/2015-11/sony-xperia-z5@2x.jpg,1446511917,
7f3190,::1,HEAD,http://localhost/3k/files/2015-11/galaxys6@2x.jpg,1446511917,
97122e,::1,HEAD,http://localhost/3k/theme/3kings/img/small2@2x.png,1446511917,
fd7738,::1,GET,http://localhost/3k/store,1446512064,
2a2350,::1,HEAD,http://localhost/3k/files/2015-11/sony-xperia-z5@2x.jpg,1446512066,
e1d4b3,::1,HEAD,http://localhost/3k/theme/3kings/img/small2@2x.png,1446512066,
99b808,::1,HEAD,http://localhost/3k/files/2015-11/images@2x.jpg,1446512066,
533723,::1,HEAD,http://localhost/3k/files/2015-11/hero-980x653@2x.jpg,1446512066,
e0d4aa,::1,HEAD,http://localhost/3k/files/2015-11/oneplus-two-smartphone-1@2x.jpg,1446512066,
521134,::1,HEAD,http://localhost/3k/files/2015-11/galaxys6@2x.jpg,1446512066,
2051b9,::1,HEAD,http://localhost/3k/theme/3kings/img/small2@2x.png,1446512066,
443085,::1,GET,http://localhost/3k/store,1446512113,
37f37c,::1,HEAD,http://localhost/3k/theme/3kings/img/small2@2x.png,1446512114,
b179f9,::1,HEAD,http://localhost/3k/files/2015-11/images@2x.jpg,1446512114,
b76a85,::1,HEAD,http://localhost/3k/files/2015-11/hero-980x653@2x.jpg,1446512114,
044b7a,::1,HEAD,http://localhost/3k/files/2015-11/oneplus-two-smartphone-1@2x.jpg,1446512114,
729636,::1,HEAD,http://localhost/3k/files/2015-11/sony-xperia-z5@2x.jpg,1446512114,
973437,::1,HEAD,http://localhost/3k/files/2015-11/galaxys6@2x.jpg,1446512115,
fc9d8f,::1,HEAD,http://localhost/3k/theme/3kings/img/small2@2x.png,1446512115,
04bda3,::1,GET,http://localhost/3k/store,1446512155,
8cd2da,::1,HEAD,http://localhost/3k/files/2015-11/oneplus-two-smartphone-1@2x.jpg,1446512156,
45c6e9,::1,HEAD,http://localhost/3k/theme/3kings/img/small2@2x.png,1446512156,
4468f9,::1,HEAD,http://localhost/3k/files/2015-11/images@2x.jpg,1446512156,
a1486e,::1,HEAD,http://localhost/3k/files/2015-11/sony-xperia-z5@2x.jpg,1446512156,
f865cd,::1,HEAD,http://localhost/3k/files/2015-11/hero-980x653@2x.jpg,1446512156,
f7fcb5,::1,HEAD,http://localhost/3k/files/2015-11/galaxys6@2x.jpg,1446512157,
ec2009,::1,HEAD,http://localhost/3k/theme/3kings/img/small2@2x.png,1446512157,
4da9ea,::1,GET,http://localhost/3k/store,1446512212,
c60434,::1,HEAD,http://localhost/3k/files/2015-11/sony-xperia-z5@2x.jpg,1446512213,
39583c,::1,HEAD,http://localhost/3k/files/2015-11/hero-980x653@2x.jpg,1446512213,
45efde,::1,HEAD,http://localhost/3k/files/2015-11/images@2x.jpg,1446512214,
fdcdd9,::1,HEAD,http://localhost/3k/files/2015-11/oneplus-two-smartphone-1@2x.jpg,1446512214,
93af94,::1,HEAD,http://localhost/3k/theme/3kings/img/small2@2x.png,1446512214,
20a198,::1,HEAD,http://localhost/3k/files/2015-11/galaxys6@2x.jpg,1446512214,
0d7a16,::1,HEAD,http://localhost/3k/theme/3kings/img/small2@2x.png,1446512215,
c4786d,::1,GET,http://localhost/3k/store,1446512257,
b66659,::1,HEAD,http://localhost/3k/files/2015-11/oneplus-two-smartphone-1@2x.jpg,1446512258,
74d3d5,::1,HEAD,http://localhost/3k/files/2015-11/hero-980x653@2x.jpg,1446512258,
663afa,::1,HEAD,http://localhost/3k/files/2015-11/images@2x.jpg,1446512258,
706c1e,::1,HEAD,http://localhost/3k/files/2015-11/sony-xperia-z5@2x.jpg,1446512259,
0c8010,::1,HEAD,http://localhost/3k/theme/3kings/img/small2@2x.png,1446512259,
53981b,::1,HEAD,http://localhost/3k/files/2015-11/galaxys6@2x.jpg,1446512259,
0e8a9a,::1,HEAD,http://localhost/3k/theme/3kings/img/small2@2x.png,1446512259,
ab6736,::1,GET,http://localhost/3k/store,1446512338,
cba0ea,::1,HEAD,http://localhost/3k/files/2015-11/images@2x.jpg,1446512339,
755dea,::1,HEAD,http://localhost/3k/theme/3kings/img/small2@2x.png,1446512339,
6b6fac,::1,HEAD,http://localhost/3k/files/2015-11/oneplus-two-smartphone-1@2x.jpg,1446512340,
46067a,::1,HEAD,http://localhost/3k/files/2015-11/hero-980x653@2x.jpg,1446512340,
e0d043,::1,HEAD,http://localhost/3k/files/2015-11/sony-xperia-z5@2x.jpg,1446512340,
9d7048,::1,HEAD,http://localhost/3k/files/2015-11/galaxys6@2x.jpg,1446512340,
4dc02f,::1,HEAD,http://localhost/3k/theme/3kings/img/small2@2x.png,1446512340,
99b888,::1,GET,http://localhost/3k/store,1446512450,
caa79b,::1,HEAD,http://localhost/3k/files/2015-11/images@2x.jpg,1446512451,
5c0d89,::1,HEAD,http://localhost/3k/theme/3kings/img/small2@2x.png,1446512451,
d4c787,::1,HEAD,http://localhost/3k/files/2015-11/oneplus-two-smartphone-1@2x.jpg,1446512451,
e95830,::1,HEAD,http://localhost/3k/files/2015-11/sony-xperia-z5@2x.jpg,1446512451,
25923b,::1,HEAD,http://localhost/3k/files/2015-11/hero-980x653@2x.jpg,1446512451,
1b50e8,::1,HEAD,http://localhost/3k/files/2015-11/galaxys6@2x.jpg,1446512451,
737128,::1,HEAD,http://localhost/3k/theme/3kings/img/small2@2x.png,1446512451,
92bc8f,::1,GET,http://localhost/3k/store,1446512485,
c8ea7b,::1,HEAD,http://localhost/3k/theme/3kings/img/small2@2x.png,1446512486,
03cbaf,::1,HEAD,http://localhost/3k/files/2015-11/hero-980x653@2x.jpg,1446512486,
036dc3,::1,HEAD,http://localhost/3k/files/2015-11/oneplus-two-smartphone-1@2x.jpg,1446512486,
e6cb6b,::1,HEAD,http://localhost/3k/files/2015-11/sony-xperia-z5@2x.jpg,1446512486,
5924fc,::1,HEAD,http://localhost/3k/files/2015-11/images@2x.jpg,1446512487,
84c601,::1,HEAD,http://localhost/3k/files/2015-11/galaxys6@2x.jpg,1446512487,
8cffaa,::1,HEAD,http://localhost/3k/theme/3kings/img/small2@2x.png,1446512487,
8bb469,::1,GET,http://localhost/3k/store,1446512521,
6c3d65,::1,HEAD,http://localhost/3k/files/2015-11/images@2x.jpg,1446512522,
2a31fd,::1,HEAD,http://localhost/3k/files/2015-11/oneplus-two-smartphone-1@2x.jpg,1446512523,
c04682,::1,HEAD,http://localhost/3k/files/2015-11/hero-980x653@2x.jpg,1446512523,
d346f7,::1,HEAD,http://localhost/3k/theme/3kings/img/small2@2x.png,1446512523,
c3c11e,::1,HEAD,http://localhost/3k/files/2015-11/sony-xperia-z5@2x.jpg,1446512523,
d200fd,::1,HEAD,http://localhost/3k/files/2015-11/galaxys6@2x.jpg,1446512523,
089658,::1,HEAD,http://localhost/3k/theme/3kings/img/small2@2x.png,1446512523,
15e3a4,::1,GET,http://localhost/3k/store,1446512596,
36382e,::1,HEAD,http://localhost/3k/theme/3kings/img/small2@2x.png,1446512597,
602e6f,::1,HEAD,http://localhost/3k/files/2015-11/hero-980x653@2x.jpg,1446512598,
90998f,::1,HEAD,http://localhost/3k/files/2015-11/images@2x.jpg,1446512598,
e5b87b,::1,HEAD,http://localhost/3k/files/2015-11/oneplus-two-smartphone-1@2x.jpg,1446512598,
7a5abc,::1,HEAD,http://localhost/3k/files/2015-11/sony-xperia-z5@2x.jpg,1446512598,
4c990d,::1,HEAD,http://localhost/3k/files/2015-11/galaxys6@2x.jpg,1446512598,
72e658,::1,HEAD,http://localhost/3k/theme/3kings/img/small2@2x.png,1446512598,
d02363,::1,GET,http://localhost/3k/store,1446512735,
1c278f,::1,HEAD,http://localhost/3k/files/2015-11/sony-xperia-z5@2x.jpg,1446512736,
851826,::1,HEAD,http://localhost/3k/theme/3kings/img/small2@2x.png,1446512736,
966ad1,::1,HEAD,http://localhost/3k/files/2015-11/images@2x.jpg,1446512736,
1f934f,::1,HEAD,http://localhost/3k/files/2015-11/hero-980x653@2x.jpg,1446512736,
aedd12,::1,HEAD,http://localhost/3k/files/2015-11/oneplus-two-smartphone-1@2x.jpg,1446512736,
ccf300,::1,HEAD,http://localhost/3k/files/2015-11/galaxys6@2x.jpg,1446512737,
f7fdc2,::1,HEAD,http://localhost/3k/theme/3kings/img/small2@2x.png,1446512737,
7ef37a,::1,GET,http://localhost/3k/store,1446512774,
d00b4d,::1,HEAD,http://localhost/3k/files/2015-11/hero-980x653@2x.jpg,1446512775,
f5b3f8,::1,HEAD,http://localhost/3k/files/2015-11/images@2x.jpg,1446512775,
983d74,::1,HEAD,http://localhost/3k/files/2015-11/oneplus-two-smartphone-1@2x.jpg,1446512775,
9e2393,::1,HEAD,http://localhost/3k/theme/3kings/img/small2@2x.png,1446512775,
362224,::1,HEAD,http://localhost/3k/files/2015-11/sony-xperia-z5@2x.jpg,1446512775,
d03978,::1,HEAD,http://localhost/3k/files/2015-11/galaxys6@2x.jpg,1446512775,
b85605,::1,HEAD,http://localhost/3k/theme/3kings/img/small2@2x.png,1446512776,
e37f8a,::1,GET,http://localhost/3k/store,1446512804,
fd5d62,::1,HEAD,http://localhost/3k/files/2015-11/images@2x.jpg,1446512805,
1275aa,::1,HEAD,http://localhost/3k/files/2015-11/sony-xperia-z5@2x.jpg,1446512805,
420f36,::1,HEAD,http://localhost/3k/files/2015-11/hero-980x653@2x.jpg,1446512805,
a6489a,::1,HEAD,http://localhost/3k/theme/3kings/img/small2@2x.png,1446512805,
faefbd,::1,HEAD,http://localhost/3k/files/2015-11/oneplus-two-smartphone-1@2x.jpg,1446512806,
0b27f2,::1,HEAD,http://localhost/3k/files/2015-11/galaxys6@2x.jpg,1446512806,
1ac208,::1,HEAD,http://localhost/3k/theme/3kings/img/small2@2x.png,1446512806,
cfe07d,::1,GET,http://localhost/3k/store,1446512833,
7e0bc3,::1,HEAD,http://localhost/3k/files/2015-11/hero-980x653@2x.jpg,1446512834,
fcd3d3,::1,HEAD,http://localhost/3k/files/2015-11/images@2x.jpg,1446512834,
790815,::1,HEAD,http://localhost/3k/files/2015-11/oneplus-two-smartphone-1@2x.jpg,1446512834,
a0722f,::1,HEAD,http://localhost/3k/files/2015-11/sony-xperia-z5@2x.jpg,1446512834,
50d3f8,::1,HEAD,http://localhost/3k/theme/3kings/img/small2@2x.png,1446512834,
3c527f,::1,HEAD,http://localhost/3k/files/2015-11/galaxys6@2x.jpg,1446512835,
52b4b8,::1,HEAD,http://localhost/3k/theme/3kings/img/small2@2x.png,1446512835,
e64139,::1,GET,http://localhost/3k/store,1446512853,
307148,::1,HEAD,http://localhost/3k/theme/3kings/img/small2@2x.png,1446512854,
3957e8,::1,HEAD,http://localhost/3k/files/2015-11/images@2x.jpg,1446512854,
439cec,::1,HEAD,http://localhost/3k/files/2015-11/oneplus-two-smartphone-1@2x.jpg,1446512854,
a91bf4,::1,HEAD,http://localhost/3k/files/2015-11/hero-980x653@2x.jpg,1446512855,
628ffd,::1,HEAD,http://localhost/3k/files/2015-11/sony-xperia-z5@2x.jpg,1446512855,
0c4fb5,::1,HEAD,http://localhost/3k/files/2015-11/galaxys6@2x.jpg,1446512855,
dcc295,::1,HEAD,http://localhost/3k/theme/3kings/img/small2@2x.png,1446512855,
f6bf51,::1,GET,http://localhost/3k/store,1446512954,
92e57e,::1,HEAD,http://localhost/3k/theme/3kings/img/small2@2x.png,1446512955,
bb8737,::1,HEAD,http://localhost/3k/files/2015-11/images@2x.jpg,1446512956,
6e6948,::1,HEAD,http://localhost/3k/files/2015-11/oneplus-two-smartphone-1@2x.jpg,1446512956,
06307b,::1,HEAD,http://localhost/3k/files/2015-11/sony-xperia-z5@2x.jpg,1446512956,
6665d1,::1,HEAD,http://localhost/3k/files/2015-11/hero-980x653@2x.jpg,1446512956,
5d3362,::1,HEAD,http://localhost/3k/files/2015-11/galaxys6@2x.jpg,1446512956,
f4b2cd,::1,HEAD,http://localhost/3k/theme/3kings/img/small2@2x.png,1446512956,
a125a8,::1,GET,http://localhost/3k/store,1446512979,
f78ffb,::1,HEAD,http://localhost/3k/files/2015-11/galaxys6@2x.jpg,1446512981,
13c25c,::1,HEAD,http://localhost/3k/theme/3kings/img/small2@2x.png,1446512981,
3f7a30,::1,HEAD,http://localhost/3k/files/2015-11/images@2x.jpg,1446512981,
8e21fb,::1,HEAD,http://localhost/3k/files/2015-11/hero-980x653@2x.jpg,1446512981,
6b6432,::1,HEAD,http://localhost/3k/files/2015-11/sony-xperia-z5@2x.jpg,1446512982,
d9416d,::1,HEAD,http://localhost/3k/files/2015-11/oneplus-two-smartphone-1@2x.jpg,1446512982,
cce7db,::1,HEAD,http://localhost/3k/theme/3kings/img/small2@2x.png,1446512982,
fa0433,::1,GET,http://localhost/3k/store,1446513002,
f5e5d4,::1,HEAD,http://localhost/3k/theme/3kings/img/small2@2x.png,1446513003,
30605d,::1,HEAD,http://localhost/3k/files/2015-11/images@2x.jpg,1446513003,
ad4f5c,::1,HEAD,http://localhost/3k/files/2015-11/sony-xperia-z5@2x.jpg,1446513004,
36b1d4,::1,HEAD,http://localhost/3k/files/2015-11/hero-980x653@2x.jpg,1446513004,
275f0c,::1,HEAD,http://localhost/3k/files/2015-11/oneplus-two-smartphone-1@2x.jpg,1446513004,
38d597,::1,HEAD,http://localhost/3k/files/2015-11/galaxys6@2x.jpg,1446513004,
f16ef5,::1,HEAD,http://localhost/3k/theme/3kings/img/small2@2x.png,1446513004,
2e9c1b,::1,GET,http://localhost/3k/store,1446513114,
b6e385,::1,HEAD,http://localhost/3k/theme/3kings/img/small2@2x.png,1446513115,
bb772c,::1,HEAD,http://localhost/3k/files/2015-11/sony-xperia-z5@2x.jpg,1446513115,
f9bc8e,::1,HEAD,http://localhost/3k/files/2015-11/oneplus-two-smartphone-1@2x.jpg,1446513115,
2354cb,::1,HEAD,http://localhost/3k/files/2015-11/images@2x.jpg,1446513115,
7c8a31,::1,HEAD,http://localhost/3k/files/2015-11/hero-980x653@2x.jpg,1446513115,
86f791,::1,HEAD,http://localhost/3k/files/2015-11/galaxys6@2x.jpg,1446513116,
7fd538,::1,HEAD,http://localhost/3k/theme/3kings/img/small2@2x.png,1446513116,
4c64ca,::1,GET,http://localhost/3k/store,1446513143,
49791a,::1,HEAD,http://localhost/3k/files/2015-11/images@2x.jpg,1446513144,
bd9425,::1,HEAD,http://localhost/3k/files/2015-11/sony-xperia-z5@2x.jpg,1446513144,
068a5f,::1,HEAD,http://localhost/3k/theme/3kings/img/small2@2x.png,1446513144,
d89bb1,::1,HEAD,http://localhost/3k/files/2015-11/oneplus-two-smartphone-1@2x.jpg,1446513145,
3de758,::1,HEAD,http://localhost/3k/files/2015-11/hero-980x653@2x.jpg,1446513145,
ad853e,::1,HEAD,http://localhost/3k/files/2015-11/galaxys6@2x.jpg,1446513145,
87e5c6,::1,HEAD,http://localhost/3k/theme/3kings/img/small2@2x.png,1446513145,
e20eb9,::1,GET,http://localhost/3k/store,1446513171,
a51a41,::1,HEAD,http://localhost/3k/files/2015-11/images@2x.jpg,1446513172,
918d45,::1,HEAD,http://localhost/3k/files/2015-11/hero-980x653@2x.jpg,1446513172,
f9f2aa,::1,HEAD,http://localhost/3k/theme/3kings/img/small2@2x.png,1446513173,
3ef486,::1,HEAD,http://localhost/3k/files/2015-11/sony-xperia-z5@2x.jpg,1446513173,
5e4b15,::1,HEAD,http://localhost/3k/files/2015-11/oneplus-two-smartphone-1@2x.jpg,1446513173,
3561e3,::1,HEAD,http://localhost/3k/files/2015-11/galaxys6@2x.jpg,1446513173,
e32ce0,::1,HEAD,http://localhost/3k/theme/3kings/img/small2@2x.png,1446513173,
02b0cf,::1,GET,http://localhost/3k/store,1446513321,
f1db09,::1,HEAD,http://localhost/3k/theme/3kings/img/small2@2x.png,1446513322,
4d6113,::1,HEAD,http://localhost/3k/files/2015-11/hero-980x653@2x.jpg,1446513322,
eb7d41,::1,HEAD,http://localhost/3k/files/2015-11/images@2x.jpg,1446513322,
99199b,::1,HEAD,http://localhost/3k/files/2015-11/sony-xperia-z5@2x.jpg,1446513322,
bebd1a,::1,HEAD,http://localhost/3k/files/2015-11/oneplus-two-smartphone-1@2x.jpg,1446513322,
87f9de,::1,HEAD,http://localhost/3k/files/2015-11/galaxys6@2x.jpg,1446513322,
8098b2,::1,HEAD,http://localhost/3k/theme/3kings/img/small2@2x.png,1446513322,
5472ab,::1,GET,http://localhost/3k/store,1446513390,
9d6822,::1,HEAD,http://localhost/3k/files/2015-11/hero-980x653@2x.jpg,1446513391,
0db4ff,::1,HEAD,http://localhost/3k/files/2015-11/oneplus-two-smartphone-1@2x.jpg,1446513391,
849af5,::1,HEAD,http://localhost/3k/files/2015-11/images@2x.jpg,1446513391,
7e88f3,::1,HEAD,http://localhost/3k/theme/3kings/img/small2@2x.png,1446513391,
26c6dd,::1,HEAD,http://localhost/3k/files/2015-11/sony-xperia-z5@2x.jpg,1446513391,
9a51cf,::1,HEAD,http://localhost/3k/files/2015-11/galaxys6@2x.jpg,1446513391,
fc9a97,::1,HEAD,http://localhost/3k/theme/3kings/img/small2@2x.png,1446513392,
a900d1,::1,GET,http://localhost/3k/store,1446513415,
501c51,::1,HEAD,http://localhost/3k/files/2015-11/oneplus-two-smartphone-1@2x.jpg,1446513416,
ec42c7,::1,HEAD,http://localhost/3k/files/2015-11/images@2x.jpg,1446513417,
6ca4a3,::1,HEAD,http://localhost/3k/theme/3kings/img/small2@2x.png,1446513417,
df849d,::1,HEAD,http://localhost/3k/files/2015-11/hero-980x653@2x.jpg,1446513417,
4892a6,::1,HEAD,http://localhost/3k/files/2015-11/sony-xperia-z5@2x.jpg,1446513417,
b7c5f9,::1,HEAD,http://localhost/3k/files/2015-11/galaxys6@2x.jpg,1446513417,
a65b7a,::1,HEAD,http://localhost/3k/theme/3kings/img/small2@2x.png,1446513417,
a8e78e,::1,GET,http://localhost/3k/store,1446513464,
454c6e,::1,HEAD,http://localhost/3k/theme/3kings/img/small2@2x.png,1446513465,
1fcec1,::1,HEAD,http://localhost/3k/files/2015-11/hero-980x653@2x.jpg,1446513465,
1b2457,::1,HEAD,http://localhost/3k/files/2015-11/sony-xperia-z5@2x.jpg,1446513465,
674410,::1,HEAD,http://localhost/3k/files/2015-11/images@2x.jpg,1446513465,
c3ab34,::1,HEAD,http://localhost/3k/files/2015-11/oneplus-two-smartphone-1@2x.jpg,1446513465,
2bfe6a,::1,HEAD,http://localhost/3k/files/2015-11/galaxys6@2x.jpg,1446513465,
5235cc,::1,HEAD,http://localhost/3k/theme/3kings/img/small2@2x.png,1446513466,
e713bb,::1,GET,http://localhost/3k/store,1446513509,
5e7060,::1,HEAD,http://localhost/3k/files/2015-11/images@2x.jpg,1446513510,
ea9b17,::1,HEAD,http://localhost/3k/theme/3kings/img/small2@2x.png,1446513510,
dc6aee,::1,HEAD,http://localhost/3k/files/2015-11/oneplus-two-smartphone-1@2x.jpg,1446513510,
486a98,::1,HEAD,http://localhost/3k/files/2015-11/hero-980x653@2x.jpg,1446513510,
cc2dbf,::1,HEAD,http://localhost/3k/files/2015-11/sony-xperia-z5@2x.jpg,1446513510,
975b36,::1,HEAD,http://localhost/3k/files/2015-11/galaxys6@2x.jpg,1446513510,
a01c87,::1,HEAD,http://localhost/3k/theme/3kings/img/small2@2x.png,1446513510,
e42c96,::1,GET,http://localhost/3k/store,1446514038,
4171b0,::1,HEAD,http://localhost/3k/files/2015-11/hero-980x653@2x.jpg,1446514039,
2b2963,::1,HEAD,http://localhost/3k/files/2015-11/sony-xperia-z5@2x.jpg,1446514039,
009675,::1,HEAD,http://localhost/3k/theme/3kings/img/small2@2x.png,1446514039,
3495af,::1,HEAD,http://localhost/3k/files/2015-11/images@2x.jpg,1446514039,
c41b5e,::1,HEAD,http://localhost/3k/files/2015-11/oneplus-two-smartphone-1@2x.jpg,1446514040,
9b3f4e,::1,HEAD,http://localhost/3k/files/2015-11/galaxys6@2x.jpg,1446514040,
8cb674,::1,HEAD,http://localhost/3k/theme/3kings/img/small2@2x.png,1446514040,
dddc8e,::1,POST,http://localhost/3k/store,1446514057,
7a2192,::1,HEAD,http://localhost/3k/files/2015-11/sony-xperia-z5@2x.jpg,1446514057,
d1a039,::1,HEAD,http://localhost/3k/files/2015-11/hero-980x653@2x.jpg,1446514058,
cad4c4,::1,HEAD,http://localhost/3k/files/2015-11/images@2x.jpg,1446514058,
cb2ec3,::1,HEAD,http://localhost/3k/files/2015-11/oneplus-two-smartphone-1@2x.jpg,1446514058,
c1ccce,::1,HEAD,http://localhost/3k/theme/3kings/img/small2@2x.png,1446514058,
fcac42,::1,HEAD,http://localhost/3k/files/2015-11/galaxys6@2x.jpg,1446514058,
7c89b8,::1,HEAD,http://localhost/3k/theme/3kings/img/small2@2x.png,1446514058,
de7fbb,::1,POST,http://localhost/3k/store,1446514130,
b8d1fa,::1,HEAD,http://localhost/3k/theme/3kings/img/small2@2x.png,1446514131,
0de4f5,::1,HEAD,http://localhost/3k/files/2015-11/oneplus-two-smartphone-1@2x.jpg,1446514131,
5265b3,::1,HEAD,http://localhost/3k/files/2015-11/sony-xperia-z5@2x.jpg,1446514131,
0820a5,::1,HEAD,http://localhost/3k/files/2015-11/hero-980x653@2x.jpg,1446514131,
40de44,::1,HEAD,http://localhost/3k/files/2015-11/images@2x.jpg,1446514131,
56403a,::1,HEAD,http://localhost/3k/files/2015-11/galaxys6@2x.jpg,1446514131,
f86f54,::1,HEAD,http://localhost/3k/theme/3kings/img/small2@2x.png,1446514132,
6fc3f2,::1,POST,http://localhost/3k/store,1446514161,
094b91,::1,HEAD,http://localhost/3k/files/2015-11/sony-xperia-z5@2x.jpg,1446514162,
c6b138,::1,HEAD,http://localhost/3k/files/2015-11/oneplus-two-smartphone-1@2x.jpg,1446514162,
2c4a25,::1,HEAD,http://localhost/3k/theme/3kings/img/small2@2x.png,1446514162,
6e21d6,::1,HEAD,http://localhost/3k/files/2015-11/hero-980x653@2x.jpg,1446514163,
53526d,::1,HEAD,http://localhost/3k/files/2015-11/images@2x.jpg,1446514163,
5dcef2,::1,HEAD,http://localhost/3k/files/2015-11/galaxys6@2x.jpg,1446514163,
9602f5,::1,HEAD,http://localhost/3k/theme/3kings/img/small2@2x.png,1446514163,
9f0f96,::1,POST,http://localhost/3k/store,1446514224,
081ad4,::1,HEAD,http://localhost/3k/files/2015-11/hero-980x653@2x.jpg,1446514225,
f7a29b,::1,HEAD,http://localhost/3k/theme/3kings/img/small2@2x.png,1446514225,
96594f,::1,HEAD,http://localhost/3k/files/2015-11/images@2x.jpg,1446514225,
d2b50f,::1,HEAD,http://localhost/3k/files/2015-11/sony-xperia-z5@2x.jpg,1446514225,
5c1e98,::1,HEAD,http://localhost/3k/files/2015-11/oneplus-two-smartphone-1@2x.jpg,1446514225,
2fc963,::1,HEAD,http://localhost/3k/files/2015-11/galaxys6@2x.jpg,1446514225,
69154c,::1,HEAD,http://localhost/3k/theme/3kings/img/small2@2x.png,1446514226,
2c7a4b,::1,POST,http://localhost/3k/store,1446514241,
42859c,::1,HEAD,http://localhost/3k/files/2015-11/sony-xperia-z5@2x.jpg,1446514242,
32edfd,::1,HEAD,http://localhost/3k/theme/3kings/img/small2@2x.png,1446514242,
d354dd,::1,HEAD,http://localhost/3k/files/2015-11/oneplus-two-smartphone-1@2x.jpg,1446514242,
bf4e31,::1,HEAD,http://localhost/3k/files/2015-11/images@2x.jpg,1446514242,
e8a9b7,::1,HEAD,http://localhost/3k/files/2015-11/hero-980x653@2x.jpg,1446514243,
0d15fa,::1,HEAD,http://localhost/3k/files/2015-11/galaxys6@2x.jpg,1446514243,
2e9953,::1,HEAD,http://localhost/3k/theme/3kings/img/small2@2x.png,1446514243,
48b5ef,::1,POST,http://localhost/3k/store,1446514258,
d9873f,::1,HEAD,http://localhost/3k/files/2015-11/images@2x.jpg,1446514259,
a3b6ec,::1,HEAD,http://localhost/3k/files/2015-11/oneplus-two-smartphone-1@2x.jpg,1446514259,
afbcac,::1,HEAD,http://localhost/3k/files/2015-11/hero-980x653@2x.jpg,1446514259,
45fe6f,::1,HEAD,http://localhost/3k/theme/3kings/img/small2@2x.png,1446514259,
739b48,::1,HEAD,http://localhost/3k/files/2015-11/sony-xperia-z5@2x.jpg,1446514259,
cfb145,::1,HEAD,http://localhost/3k/files/2015-11/galaxys6@2x.jpg,1446514259,
65be3e,::1,HEAD,http://localhost/3k/theme/3kings/img/small2@2x.png,1446514260,
db6038,::1,POST,http://localhost/3k/store,1446514323,
ccba91,::1,HEAD,http://localhost/3k/files/2015-11/images@2x.jpg,1446514324,
8c15c7,::1,HEAD,http://localhost/3k/files/2015-11/sony-xperia-z5@2x.jpg,1446514324,
a584e7,::1,HEAD,http://localhost/3k/theme/3kings/img/small2@2x.png,1446514324,
76d9eb,::1,HEAD,http://localhost/3k/files/2015-11/hero-980x653@2x.jpg,1446514325,
568efe,::1,HEAD,http://localhost/3k/files/2015-11/oneplus-two-smartphone-1@2x.jpg,1446514325,
567a3f,::1,HEAD,http://localhost/3k/files/2015-11/galaxys6@2x.jpg,1446514325,
78ed30,::1,HEAD,http://localhost/3k/theme/3kings/img/small2@2x.png,1446514325,
6ac518,::1,POST,http://localhost/3k/store,1446514347,
830290,::1,HEAD,http://localhost/3k/theme/3kings/img/small2@2x.png,1446514348,
57a0ea,::1,HEAD,http://localhost/3k/files/2015-11/images@2x.jpg,1446514348,
1b2478,::1,HEAD,http://localhost/3k/files/2015-11/sony-xperia-z5@2x.jpg,1446514348,
ec5d3e,::1,HEAD,http://localhost/3k/files/2015-11/hero-980x653@2x.jpg,1446514348,
82edcf,::1,HEAD,http://localhost/3k/files/2015-11/oneplus-two-smartphone-1@2x.jpg,1446514349,
6c712d,::1,HEAD,http://localhost/3k/files/2015-11/galaxys6@2x.jpg,1446514349,
940fee,::1,HEAD,http://localhost/3k/theme/3kings/img/small2@2x.png,1446514349,
